{"authorDailyContributionsMap":{"friedrice231":[{"date":"2025-03-14","commitResults":[{"hash":"8e5025ee4c3c6aaa638173b9c6e2ddaa06b50ca1","isMergeCommit":false,"messageTitle":"testing","messageBody":"","fileTypesAndContributionMap":{"gradle":{"insertions":41,"deletions":41},"java":{"insertions":4,"deletions":4},"bat":{"insertions":73,"deletions":73},"sh":{"insertions":82,"deletions":82}}},{"hash":"6ce5e587bf9cd57e424cfb38a4e7203aa70d8279","isMergeCommit":false,"messageTitle":"Add Book.java class to model a book","messageBody":"","fileTypesAndContributionMap":{"java":{"insertions":414,"deletions":347}}},{"hash":"dc52adb736b8597014db3b53a147b13298fc383f","isMergeCommit":false,"messageTitle":"Add Loan.java class","messageBody":"","fileTypesAndContributionMap":{"java":{"insertions":93,"deletions":0}}},{"hash":"95155ce02456f8af797a9da29c56d2d6c5140bb3","isMergeCommit":false,"messageTitle":"Add User class to model library patrons","messageBody":"","fileTypesAndContributionMap":{"java":{"insertions":58,"deletions":0}}},{"hash":"78ec563859b041c060f5d165c012d09aaac0267f","isMergeCommit":false,"messageTitle":"Add Librarian.java which is a user with enhanced privileges","messageBody":"","fileTypesAndContributionMap":{"java":{"insertions":43,"deletions":0}}}]},{"date":"2025-03-20","commitResults":[{"hash":"ae623eeef76c180f1a3e63b4f093e6e22bd65e58","isMergeCommit":false,"messageTitle":"Populate bookDatabase.txt for development","messageBody":"","fileTypesAndContributionMap":{"txt":{"insertions":5,"deletions":0}}},{"hash":"76a8602e691505b99ec1564e7ddae69f7421b155","isMergeCommit":false,"messageTitle":"Add Main.java for text-based UI","messageBody":"","fileTypesAndContributionMap":{"java":{"insertions":135,"deletions":0}}}]},{"date":"2025-03-21","commitResults":[{"hash":"7de2ee5c36462ee955b0cf945e03932cd494a71b","isMergeCommit":false,"messageTitle":"Change print format for Book.java class","messageBody":"","fileTypesAndContributionMap":{"gradle":{"insertions":2,"deletions":2},"txt":{"insertions":1,"deletions":3},"java":{"insertions":758,"deletions":762}}},{"hash":"38edf6d883a7a3c7707944a439fe321e9b6af0b9","isMergeCommit":false,"messageTitle":"Simplify Loan.java and User.java to get a simple text based program running","messageBody":"","fileTypesAndContributionMap":{"java":{"insertions":132,"deletions":132}}},{"hash":"7cf721c2bb1948ac662a32b80f5ac09e8ff20ea2","isMergeCommit":false,"messageTitle":"Refactor Main.java by creating a utils package","messageBody":"","fileTypesAndContributionMap":{"java":{"insertions":214,"deletions":188}}},{"hash":"0939b82010b9d3b7d5161795712ebdc5954c42c1","isMergeCommit":false,"messageTitle":"Update bookList in LibraryService.java that was hindering the running of the app","messageBody":"","fileTypesAndContributionMap":{"txt":{"insertions":1,"deletions":0},"java":{"insertions":5,"deletions":3}}},{"hash":"e89a2c2ee84fc709e6160f38ba14a7cd3bf414cc","isMergeCommit":true,"messageTitle":"Merge branch-UI to main","messageBody":"","tags":["v1.2"],"fileTypesAndContributionMap":{}}]},{"date":"2025-04-02","commitResults":[{"hash":"6f7159c21e5faaf649412caa2b49176601f5b777","isMergeCommit":true,"messageTitle":"Merge pull request #2 from PerRucia/branch-jeremy","messageBody":"Branch jeremy first update","fileTypesAndContributionMap":{}},{"hash":"299996315194410f914781d075336c0fda0f8ddb","isMergeCommit":true,"messageTitle":"Merge pull request #3 from PerRucia/sorting-feature","messageBody":"feat: implement book and loan sorting functionality","fileTypesAndContributionMap":{}}]}],"PerRucia":[{"date":"2025-03-11","commitResults":[{"hash":"08e543bda2b2b62fd037a1ce4d9b588cd39e2ced","isMergeCommit":false,"messageTitle":"Import file from duke master","messageBody":"","fileTypesAndContributionMap":{"gradle":{"insertions":41,"deletions":0},"txt":{"insertions":0,"deletions":1},"java":{"insertions":10,"deletions":5},"bat":{"insertions":73,"deletions":0},"sh":{"insertions":83,"deletions":0},"md":{"insertions":44,"deletions":0}}},{"hash":"eac2075be26f8cd1984afad1d10536299d3ef939","isMergeCommit":false,"messageTitle":"Clean up files from import","messageBody":"","fileTypesAndContributionMap":{"gradle":{"insertions":2,"deletions":2},"java":{"insertions":5,"deletions":10},"md":{"insertions":1,"deletions":44}}}]},{"date":"2025-03-15","commitResults":[{"hash":"b438b233be29cb8a7fc250e45ea1529eb92d7f29","isMergeCommit":false,"messageTitle":"Add test units to base model classes","messageBody":"","fileTypesAndContributionMap":{"java":{"insertions":392,"deletions":7}}},{"hash":"47613a32fb286d240dff44fcca8f1b39394ae261","isMergeCommit":false,"messageTitle":"Remove UserAuth.java (to be reimplemented with model classes)","messageBody":"","fileTypesAndContributionMap":{"java":{"insertions":0,"deletions":348}}},{"hash":"465bde93d6ea5ea2d5575871d1be043180f44118","isMergeCommit":false,"messageTitle":"Clean up imports and add javadoc comments","messageBody":"","fileTypesAndContributionMap":{"java":{"insertions":5,"deletions":1}}},{"hash":"cb309de3e366859daf076ecfbf53160d1f202c43","isMergeCommit":false,"messageTitle":"Add BookList.java to be the single source of truth for updating book statuses","messageBody":"","fileTypesAndContributionMap":{"java":{"insertions":344,"deletions":103}}},{"hash":"e2786a4afa21663dcd2623a5baa96fb948a188da","isMergeCommit":false,"messageTitle":"Add GeneralStorage.java to read and write to storage to keep track of the overall book list","messageBody":"","fileTypesAndContributionMap":{"txt":{"insertions":0,"deletions":0},"java":{"insertions":150,"deletions":0}}}]}],"JJJEEERRR":[{"date":"2025-04-01","commitResults":[{"hash":"2f1f168b26c5b3c01dcfbea5e715cb0931de20db","isMergeCommit":false,"messageTitle":"fix: update tests to match latest code changes","messageBody":"","fileTypesAndContributionMap":{"java":{"insertions":20,"deletions":193}}},{"hash":"15c93f645fcd25c7ac07aac2bce67a8d2ee53bba","isMergeCommit":false,"messageTitle":"feat: add validation for empty ISBN in BookList","messageBody":"","fileTypesAndContributionMap":{"java":{"insertions":3,"deletions":3}}},{"hash":"d20ba1e2cacdf56f22ed081f08cdfe29428ac7a2","isMergeCommit":false,"messageTitle":"test: add TestLibraryService","messageBody":"","fileTypesAndContributionMap":{"java":{"insertions":288,"deletions":0}}},{"hash":"66ca55c2f6f44db1c262991a1186ca9840b2d98d","isMergeCommit":false,"messageTitle":"test: add unit tests for InputUtil","messageBody":"","fileTypesAndContributionMap":{"java":{"insertions":297,"deletions":0}}}]},{"date":"2025-04-02","commitResults":[{"hash":"d611fc5dfcfb5d32c94f45f5ed46e5c222870f1c","isMergeCommit":false,"messageTitle":"feat: implement basic sorting functionality with unit tests","messageBody":"","fileTypesAndContributionMap":{"txt":{"insertions":4,"deletions":4},"java":{"insertions":225,"deletions":1}}},{"hash":"edda36ce422316de50c9d7f46ca1b4037799e214","isMergeCommit":false,"messageTitle":"feat: add loan record sorting feature and UI support","messageBody":"","fileTypesAndContributionMap":{"java":{"insertions":572,"deletions":45}}},{"hash":"c4c2de625e74b913fbd23d5d6e979c6ab9a1115a","isMergeCommit":false,"messageTitle":"feat: add search functionality with UI and unit tests","messageBody":"","fileTypesAndContributionMap":{"java":{"insertions":445,"deletions":1}}},{"hash":"59868dc4b7dbaec4b3709b4817dc6561f7659e1e","isMergeCommit":false,"messageTitle":"feat: improve UX with sorting direction, preferences, and better error handling","messageBody":"","fileTypesAndContributionMap":{"java":{"insertions":489,"deletions":18}}},{"hash":"2d7a4691a29b3fd1467494f8474b87409494689c","isMergeCommit":true,"messageTitle":"Merge pull request #4 from PerRucia/branch-jeremy","messageBody":"feat: re-submit sorting feature after main merge","fileTypesAndContributionMap":{}}]}]},"authorFileTypeContributionMap":{"friedrice231":{"java":377,"md":0,"fxml":0,"sh":0,"bat":0,"gradle":1,"txt":3},"PerRucia":{"java":576,"md":1,"fxml":0,"sh":83,"bat":73,"gradle":40,"txt":0},"JJJEEERRR":{"java":2325,"md":0,"fxml":0,"sh":0,"bat":0,"gradle":0,"txt":1}},"authorContributionVariance":{"friedrice231":190740.4,"PerRucia":55785.664,"JJJEEERRR":111961.24},"authorDisplayNameMap":{"friedrice231":"LOH YEE KAI","PerRucia":"Davin Chua","JJJEEERRR":"ZHONG JINYANG"}}
