{"repoSenseVersion":"29b9f5fbd7","reportGeneratedTime":"Sat Apr 5 08:42:03 2025 UTC+08:00","reportGenerationTime":" 1.21 second(s)","zoneId":"UTC+08:00","reportTitle":"RepoSense Report","repos":[{"location":{"location":"https://github.com/Jen999/tick-tock.git","repoName":"tick-tock","organization":"Jen999","domainName":"github"},"branch":"master","displayName":"Jen999/tick-tock[master]","outputFolderName":"Jen999_tick-tock_master"},{"location":{"location":"https://github.com/PerRucia/cs2103de-tp.git","repoName":"cs2103de-tp","organization":"PerRucia","domainName":"github"},"branch":"main","displayName":"PerRucia/cs2103de-tp[main]","outputFolderName":"PerRucia_cs2103de-tp_main"}],"errorSet":[],"sinceDate":"2025-03-01","untilDate":"2025-04-05","isSinceDateProvided":true,"isUntilDateProvided":false,"supportedDomainUrlMap":{"NOT_RECOGNIZED":{"BRANCH":"","REPO_URL":"UNSUPPORTED","BASE_URL":"UNSUPPORTED","HISTORY_PATH":"","COMMIT_PATH":"","BLAME_PATH":""},"github":{"BRANCH":"tree/$BRANCH","REPO_URL":"https://github.com/$ORGANIZATION/$REPO_NAME/","BASE_URL":"https://github.com/","HISTORY_PATH":"commits/$BRANCH/$FILE_PATH","COMMIT_PATH":"commit/$COMMIT_HASH","BLAME_PATH":"blame/$BRANCH/$FILE_PATH"}},"isAuthorshipAnalyzed":false}
