{"authorDailyContributionsMap":{"andychong23":[{"date":"2025-03-11","commitResults":[{"hash":"c3cf39bc11722c04d3a6af5023fa8e29f666d73a","isMergeCommit":false,"messageTitle":"Add SessionDuration class and DefaultDuration enum","messageBody":"SessionDuration class:\nThe SessionDuration class wraps a java.time Duration object and allows common time operations to be executed on the duration object\n\nDefaultDuration enum:\nThis enum defines some preset durations that can be used\n","fileTypesAndContributionMap":{"java":{"insertions":110,"deletions":0}}},{"hash":"357585b0601efc93aec993f4f13d8ba8058a2926","isMergeCommit":false,"messageTitle":"Change toString method for DefaultDuration enum to output in a more user-friendly format","messageBody":"","fileTypesAndContributionMap":{"java":{"insertions":5,"deletions":2}}}]},{"date":"2025-03-12","commitResults":[{"hash":"abb86494ca2c0a029139d1ab67d5aaccec4de0d5","isMergeCommit":false,"messageTitle":"Move SessionDuration and DefaultDuration to its own package for ease of categorization","messageBody":"","fileTypesAndContributionMap":{"java":{"insertions":2,"deletions":2}}}]},{"date":"2025-03-23","commitResults":[{"hash":"9d0b774648fd2a391e04135b6673a82ab4dc1d5e","isMergeCommit":false,"messageTitle":"Refactor SessionDuration to track for information","messageBody":"SessionDuration is a class that tracks the duration of the session\nThe class should cover all scenarios such as breaks and study since they can still be thought of as a session\n\nIncluded new attributes such as durationLeft and durationPassed to keep track of how much time is left and how much time has passed\nRefactored duration attribute to a private final object as that can be referenced to reset the duration\n","fileTypesAndContributionMap":{"java":{"insertions":42,"deletions":23}}},{"hash":"977ddf3d33054d1656afa04697b5fa9978aefe4f","isMergeCommit":false,"messageTitle":"Change reduceTimeFromTimer and addTimeToTimer to take in milliseconds instead of seconds","messageBody":"","fileTypesAndContributionMap":{"java":{"insertions":5,"deletions":5}}},{"hash":"b4d9d8fed598974038ae4a2485f86da885de9e53","isMergeCommit":false,"messageTitle":"Integrate SessionDuration into BreakManager","messageBody":"Main Implementation:\n1. Convert all time references to a SessionDuration object to encapsulate all the data\n2. Convert the List of breakDurations to store a List of SessionDuration objects instead of long datatypes\n3. Refactor getTotalBreakTime to get the number of seconds used for the break\n","fileTypesAndContributionMap":{"java":{"insertions":12,"deletions":6}}},{"hash":"46ed256d0a95082fea82c7687387917adf25015f","isMergeCommit":false,"messageTitle":"Integrate SessionDuration into TimerManager","messageBody":"Main Implementations:\n1. Change constructor to take in a SessionDuration object\nThis is because the TimerManager manages the duration left in each object, and it makes sense that it takes in a SessionDuration object to manage\n\n2. Create REFRESH_PERIOD static reference to remove magic numbers\n\n3. Modify start method such that time reduced is the REFRESH_PERIOD instead of elapsed time\nThis is because the actual number of milliseconds passed is not exactly 1000 everytime. Thus, it causes some display issues when displaying the time left since 1 second might not be subtracted each time\n\n4. Modify pause method to use the SessionDuration object\n\n5. Modify resume method to use the SessionDuration object. Changes for resume method is similar to the changes for start method\n","fileTypesAndContributionMap":{"java":{"insertions":19,"deletions":18}}}]},{"date":"2025-03-26","commitResults":[{"hash":"fe1068b368a2acaa79050797d1f49616a41006fc","isMergeCommit":true,"messageTitle":"Merge pull request #5 from Jen999/feature/Integrate-UI-Storage","messageBody":"Integrate UI and Storage with Logic","fileTypesAndContributionMap":{}}]}],"superidol2":[{"date":"2025-03-16","commitResults":[{"hash":"4c178001296854931b6b6c184fdf07d1d046e7bd","isMergeCommit":false,"messageTitle":"Initial commit of TimerManager","messageBody":"","fileTypesAndContributionMap":{"java":{"insertions":41,"deletions":0}}},{"hash":"3acea00c263ce6c34efa9a3eedc0f81a2062965e","isMergeCommit":false,"messageTitle":"Updated TimerManager to improve pause/resume handling","messageBody":"","fileTypesAndContributionMap":{"java":{"insertions":53,"deletions":15}}},{"hash":"99b3e0dfdf76ac661dc9be7b77a32796cbe26391","isMergeCommit":false,"messageTitle":"First implementation of basic break tracking","messageBody":"","fileTypesAndContributionMap":{"java":{"insertions":55,"deletions":0}}}]}],"Jen999":[{"date":"2025-03-09","commitResults":[{"hash":"ad693b9bdb7ccb07a405764d06085046441bd870","isMergeCommit":false,"messageTitle":"Initial commit","messageBody":"","fileTypesAndContributionMap":{"md":{"insertions":1,"deletions":0}}}]},{"date":"2025-03-10","commitResults":[{"hash":"5d3af7a2757aa148b29fc5f4556b004979b2b8ee","isMergeCommit":false,"messageTitle":"Initialize basic file structure of TickTock","messageBody":"","fileTypesAndContributionMap":{"gradle":{"insertions":54,"deletions":0},"fxml":{"insertions":14,"deletions":0},"java":{"insertions":73,"deletions":0}}}]},{"date":"2025-03-16","commitResults":[{"hash":"b3fb7df4e79da9fd3e2444f0597058e566e7c387","isMergeCommit":true,"messageTitle":"Merge pull request #1 from Jen999/feature/Duration","messageBody":"feat: default and session duration class implementation","fileTypesAndContributionMap":{}}]},{"date":"2025-03-21","commitResults":[{"hash":"9d20f3bc82878331d709928d442f020c33431444","isMergeCommit":true,"messageTitle":"Merge pull request #3 from Jen999/Rachel/BreakManager","messageBody":"Break Manager","fileTypesAndContributionMap":{}},{"hash":"dcf0291685eedb535f26c2954c053c1a2276488f","isMergeCommit":true,"messageTitle":"Merge pull request #2 from Jen999/Rachel/TimerManager","messageBody":"Timer Manager","fileTypesAndContributionMap":{}}]},{"date":"2025-03-23","commitResults":[{"hash":"d7d82f69e4aee44df2c4f313a9bd0e9d2329013d","isMergeCommit":true,"messageTitle":"Merge pull request #4 from Jen999/feature-Integrate-Duration","messageBody":"Integrate Duration class into Timer and Break Manager","fileTypesAndContributionMap":{}}]},{"date":"2025-03-25","commitResults":[{"hash":"c3b8e90629226c6fab894dd75689d4e9f54f29cf","isMergeCommit":false,"messageTitle":"Integrate frontend UI with logic","messageBody":"","fileTypesAndContributionMap":{"fxml":{"insertions":47,"deletions":9},"java":{"insertions":503,"deletions":18}}},{"hash":"76eafdd369f4a0f1c332bf750fb9c8b24eb1cce4","isMergeCommit":false,"messageTitle":"Integrate storage with logic. Modify BreakManager and SessionDuration to fix bugs","messageBody":"","fileTypesAndContributionMap":{"java":{"insertions":75,"deletions":15}}},{"hash":"5f640d37b2f4b34fc7d6a33d7a2a790d7a7d6de9","isMergeCommit":false,"messageTitle":"Add comments for modified files","messageBody":"","fileTypesAndContributionMap":{"java":{"insertions":17,"deletions":5}}},{"hash":"70ce2245845bc9c5e0c4316c31b2bca72f51a606","isMergeCommit":false,"messageTitle":"Remove category files","messageBody":"","fileTypesAndContributionMap":{"java":{"insertions":0,"deletions":140}}},{"hash":"35b2d996e2cae44295722e680d5d4d491ffcb162","isMergeCommit":false,"messageTitle":"Added category files from Rachel/Session branch","messageBody":"","fileTypesAndContributionMap":{"java":{"insertions":139,"deletions":0}}}]}]},"authorFileTypeContributionMap":{"andychong23":{"java":154,"md":0,"fxml":0,"sh":0,"bat":0,"gradle":0,"txt":0},"superidol2":{"java":108,"md":0,"fxml":0,"sh":0,"bat":0,"gradle":0,"txt":0},"Jen999":{"java":640,"md":1,"fxml":52,"sh":0,"bat":0,"gradle":54,"txt":0}},"authorContributionVariance":{"andychong23":1083.9185,"superidol2":994.67456,"Jen999":34981.44},"authorDisplayNameMap":{"andychong23":"ANDY CHONG","superidol2":"TAN CHENG WEN, RACHEL","Jen999":"TAN LING JEN"}}
